2014-11-01,A Cut Above,9.681349918937682
2014-11-01,Aroma,7.4302181644786485
2014-11-01,Bambino,6.460076963424683
2014-11-01,Big Daddy Barbeque,7.023857036590576
2014-11-01,Bistro Bob,6.035566706005732
2014-11-01,Burgers and Fries,6.7686727160020315
2014-11-01,Chance,7.112750076889991
2014-11-01,China Palace,8.207066664123534
2014-11-01,Chops and Ribs,6.361222198380364
2014-11-01,Estradanas,6.8513181705474855
2014-11-01,Fangs,7.940042851693289
2014-11-01,Fargo,9.39168570679256
2014-11-01,Fluorescence,10.292500019073486
2014-11-01,Harvest,9.132307621148916
2014-11-01,Hofbrau Deluxe,11.298999923706054
2014-11-01,Interlude,11.941538443932167
2014-11-01,Irifune Place,7.826142793451037
2014-11-01,Jean's Place,10.239857206208365
2014-11-01,Mamoun's,9.730154512509433
2014-11-01,Mary's Diner,5.356807743659386
2014-11-01,Midnight,15.429999964577812
2014-11-01,Molinarinari,8.950955494096544
2014-11-01,Nattos,13.877222140630085
2014-11-01,Ranch House,9.774277792082891
2014-11-01,Sapphire,5.812599982913335
2014-11-01,Siam Cusine,8.428299985694885
2014-11-01,Starlight,10.48529418777017
2014-11-01,The Amber Cuisine,10.526999902725219
2014-11-01,The Amber Lion,6.745874957680702
2014-11-01,The Caviar Salmon,6.159800078201293
2014-11-01,The Cool Pizzeria,9.160676898134671
2014-11-01,The Court Bites,8.862966655010647
2014-11-01,The Crimson Horse,6.860833306610584
2014-11-01,The Crown,7.071072792295976
2014-11-01,The Depot,8.102799998807907
2014-11-01,The Hot Oak,9.105785727455501
2014-11-01,The Indian Smith,8.906566701634725
2014-11-01,The Mad Oak,10.097058846670038
2014-11-01,The Magical Spices,8.056199948501588
2014-11-01,The Mockingbird,5.977123586632223
2014-11-01,The Noodle Fiddler,8.86764700272504
2014-11-01,The Olive Port,8.333533336512248
2014-11-01,The River Blossom,16.023500049114226
2014-11-01,The Sugar Badger,8.115833312988281
2014-11-01,Tranquility,8.827777730094063
2014-11-01,Trilogy,7.948199919371172
2014-11-01,Vietnam Restaurant,10.570028577559334
2014-11-01,Wiener House,6.654399959945679
2014-11-01,Wolfs,9.947288818952773
2014-11-02,A Cut Above,7.785766646957398
2014-11-02,Aroma,10.043111058228547
2014-11-02,Bambino,6.071409207950938
2014-11-02,Big Daddy Barbeque,5.3938334382375075
2014-11-02,Bistro Bob,5.827927333415639
2014-11-02,Burgers and Fries,5.703600051498413
2014-11-02,Chance,7.203844470935398
2014-11-02,China Palace,9.225309057963978
2014-11-02,Chops and Ribs,6.196369211695744
2014-11-02,Estradanas,7.254999975204468
2014-11-02,Fangs,6.950172692810405
2014-11-02,Fluorescence,11.299999904632568
2014-11-02,Harvest,13.022105317366751
2014-11-02,Hofbrau Deluxe,11.362133429336549
2014-11-02,Interlude,10.003529394374175
2014-11-02,Irifune Place,10.58758820107404
2014-11-02,Jean's Place,6.741399954223633
2014-11-02,Mamoun's,11.025928619452884
2014-11-02,Mary's Diner,5.806045464949174
2014-11-02,Midnight,9.341250002384186
2014-11-02,Molinarinari,7.994566616598766
2014-11-02,Nattos,11.851999998092651
2014-11-02,Ranch House,10.598038461538462
2014-11-02,Sapphire,5.460699975681305
2014-11-02,Siam Cusine,10.93418887087504
2014-11-02,Starlight,8.860909028486773
2014-11-02,The Amber Cuisine,10.981333287556966
2014-11-02,The Amber Lion,6.807714242798942
2014-11-02,The Caramel Hog,4.894700001192093
2014-11-02,The Caviar Salmon,6.22040002861023
2014-11-02,The Cool Pizzeria,7.32705710471017
2014-11-02,The Court Bites,9.681055538601345
2014-11-02,The Crimson Horse,7.865000051259995
2014-11-02,The Crown,6.803963633762706
2014-11-02,The Depot,6.964023484532974
2014-11-02,The Hot Oak,11.299811819682402
2014-11-02,The Indian Smith,6.538152961932912
2014-11-02,The Mad Oak,8.189999961853028
2014-11-02,The Magical Spices,7.240233319028218
2014-11-02,The Mockingbird,5.795169212062542
2014-11-02,The Noodle Fiddler,8.260000046561746
2014-11-02,The Olive Port,6.298694115964104
2014-11-02,The River Blossom,11.716999959945678
2014-11-02,The Sugar Badger,9.287200031828881
2014-11-02,Tranquility,10.80083332459132
2014-11-02,Trilogy,6.738914259147644
2014-11-02,Vietnam Restaurant,8.101599813079835
2014-11-02,Wiener House,5.5381142543792725
2014-11-02,Wolfs,9.625794170379638
2014-11-03,A Cut Above,9.490605187365883
2014-11-03,Aroma,10.26915002026558
2014-11-03,Bambino,6.057000042234149
2014-11-03,Big Daddy Barbeque,5.3085000606264385
2014-11-03,Bistro Bob,6.037209132523969
2014-11-03,Burgers and Fries,5.97904708406785
2014-11-03,Chance,6.531299950408935
2014-11-03,China Palace,10.84773315955268
2014-11-03,Chops and Ribs,5.44316663090388
2014-11-03,Estradanas,6.991499985098839
2014-11-03,Fangs,8.60557503606081
2014-11-03,Fargo,7.671600054836273
2014-11-03,Fluorescence,12.949285779680524
2014-11-03,Harvest,17.48777773645189
2014-11-03,Hofbrau Deluxe,6.998850016093254
2014-11-03,Interlude,10.418999969959259
2014-11-03,Irifune Place,8.177750001192093
2014-11-03,Jean's Place,8.987446133305475
2014-11-03,Mamoun's,9.983810511759708
2014-11-03,Mary's Diner,6.367653791134174
2014-11-03,Midnight,10.933636372739619
2014-11-03,Molinarinari,5.993049945163727
2014-11-03,Nattos,9.708571468080793
2014-11-03,Ranch House,6.189300036239624
2014-11-03,Sapphire,5.6393999637603764
2014-11-03,Siam Cusine,12.865299952316285
2014-11-03,Starlight,13.131538427793062
2014-11-03,The Amber Cuisine,7.319999976591631
2014-11-03,The Amber Lion,7.9432142571040565
2014-11-03,The Caramel Hog,5.276974966919422
2014-11-03,The Caviar Salmon,7.790955519527859
2014-11-03,The Cool Pizzeria,7.332890911691839
2014-11-03,The Court Bites,8.638607727520283
2014-11-03,The Crimson Horse,9.597333240509034
2014-11-03,The Crown,7.813435240824083
2014-11-03,The Depot,7.390100047683716
2014-11-03,The Hot Oak,9.291122205268012
2014-11-03,The Indian Smith,7.725525038743019
2014-11-03,The Mad Oak,7.594166616598765
2014-11-03,The Magical Spices,7.4134499862909315
2014-11-03,The Mockingbird,5.891577799500359
2014-11-03,The Noodle Fiddler,7.665714400155204
2014-11-03,The Olive Port,5.657700003814697
2014-11-03,The River Blossom,12.039285736424583
2014-11-03,The Sugar Badger,8.094830750157282
2014-11-03,Tranquility,12.899285793304443
2014-11-03,Trilogy,6.590199990940094
2014-11-03,Vietnam Restaurant,9.128000072928035
2014-11-03,Wiener House,4.6636667149861655
2014-11-03,Wolfs,7.637771363857815
2014-11-04,A Cut Above,7.51163519818923
2014-11-04,Aroma,8.035418202625621
2014-11-04,Bambino,6.243499978807238
2014-11-04,Big Daddy Barbeque,4.587750061392784
2014-11-04,Bistro Bob,7.090200055176871
2014-11-04,Burgers and Fries,6.401933388646444
2014-11-04,Chance,5.852885631179809
2014-11-04,China Palace,7.030355543899536
2014-11-04,Chops and Ribs,6.300147354868839
2014-11-04,Estradanas,10.93150005698204
2014-11-04,Fangs,9.812735267751357
2014-11-04,Fargo,9.690699942183494
2014-11-04,Fluorescence,10.923333326975506
2014-11-04,Harvest,8.734545382586393
2014-11-04,Hofbrau Deluxe,9.719400059127807
2014-11-04,Interlude,15.01285719871521
2014-11-04,Irifune Place,9.13562495097518
2014-11-04,Mamoun's,9.8033665725708
2014-11-04,Mary's Diner,5.372000042021274
2014-11-04,Midnight,13.218888892067802
2014-11-04,Molinarinari,8.098971443557739
2014-11-04,Nattos,11.280625015497208
2014-11-04,Ranch House,9.994625105500221
2014-11-04,Siam Cusine,8.632866684150695
2014-11-04,Starlight,9.414999941984814
2014-11-04,The Amber Cuisine,8.865294081323288
2014-11-04,The Amber Lion,7.185785644122532
2014-11-04,The Caramel Hog,5.739433329518636
2014-11-04,The Caviar Salmon,6.133600030344183
2014-11-04,The Cool Pizzeria,7.510050002980233
2014-11-04,The Court Bites,6.784827267525413
2014-11-04,The Crimson Horse,7.185714312962124
2014-11-04,The Crown,7.626499998807907
2014-11-04,The Depot,6.068300007629394
2014-11-04,The Hot Oak,10.969961435758151
2014-11-04,The Indian Smith,6.946600028908253
2014-11-04,The Mad Oak,11.83000005616082
2014-11-04,The Magical Spices,7.645174933242798
2014-11-04,The Mockingbird,6.161100004087176
2014-11-04,The Noodle Fiddler,7.606666670905219
2014-11-04,The Olive Port,8.49586924250676
2014-11-04,The River Blossom,16.58578946715907
2014-11-04,The Sugar Badger,7.67521425301688
2014-11-04,Tranquility,13.23923073365138
2014-11-04,Trilogy,7.82820001695421
2014-11-04,Vietnam Restaurant,10.54133334710863
2014-11-04,Wiener House,5.513699980926513
2014-11-04,Wolfs,10.436257047489711
2014-11-05,A Cut Above,8.787388184244492
2014-11-05,Aroma,9.315846243895017
2014-11-05,Bambino,6.801000016689301
2014-11-05,Big Daddy Barbeque,4.508000027077538
2014-11-05,Bistro Bob,5.399600008821488
2014-11-05,Burgers and Fries,6.717549969005585
2014-11-05,Chance,5.726746101010074
2014-11-05,China Palace,12.532800024795531
2014-11-05,Chops and Ribs,5.27905006556511
2014-11-05,Estradanas,9.05883334048589
2014-11-05,Fangs,8.697161471704336
2014-11-05,Fargo,8.4127333290418
2014-11-05,Fluorescence,8.579999968409538
2014-11-05,Hofbrau Deluxe,6.874266700575086
2014-11-05,Interlude,12.461666584014893
2014-11-05,Irifune Place,9.405000100135803
2014-11-05,Jean's Place,7.203858843724868
2014-11-05,Mamoun's,10.153588789282905
2014-11-05,Mary's Diner,4.284461532592774
2014-11-05,Midnight,10.520000060399372
2014-11-05,Molinarinari,8.593599895095824
2014-11-05,Nattos,12.360624976456165
2014-11-05,Ranch House,8.571899985694886
2014-11-05,Sapphire,5.6364000722067695
2014-11-05,Siam Cusine,8.98879991607666
2014-11-05,Starlight,14.062500099341074
2014-11-05,The Amber Cuisine,9.125833352406818
2014-11-05,The Amber Lion,7.440777728504605
2014-11-05,The Caramel Hog,5.778799957680702
2014-11-05,The Caviar Salmon,6.327599934196472
2014-11-05,The Cool Pizzeria,7.140311154556274
2014-11-05,The Court Bites,6.817394117086074
2014-11-05,The Crimson Horse,7.018571456841061
2014-11-05,The Crown,7.861688882001241
2014-11-05,The Depot,8.427990992320668
2014-11-05,The Hot Oak,10.482499927520752
2014-11-05,The Indian Smith,11.143066628065563
2014-11-05,The Mad Oak,8.497999954223634
2014-11-05,The Magical Spices,8.276900050067901
2014-11-05,The Mockingbird,5.954099997138977
2014-11-05,The Noodle Fiddler,7.855000078678131
2014-11-05,The Olive Port,8.133954538518733
2014-11-05,The River Blossom,10.309166709582012
2014-11-05,The Sugar Badger,6.002233344459533
2014-11-05,Tranquility,10.177500069141388
2014-11-05,Trilogy,9.326611187405057
2014-11-05,Vietnam Restaurant,10.183066672388712
2014-11-05,Wiener House,5.938966720708211
2014-11-05,Wolfs,10.453933363850911
2014-11-06,A Cut Above,7.8586714295932225
2014-11-06,Aroma,8.065672689125755
2014-11-06,Bambino,6.6821666367848715
2014-11-06,Big Daddy Barbeque,5.326499972070966
2014-11-06,Bistro Bob,5.310466709582011
2014-11-06,Burgers and Fries,6.782333320617676
2014-11-06,Chance,5.73734433901045
2014-11-06,China Palace,12.121299908606211
2014-11-06,Chops and Ribs,6.031105223003187
2014-11-06,Estradanas,7.056500079154969
2014-11-06,Fangs,8.128527300470525
2014-11-06,Fargo,9.943200077046846
2014-11-06,Fluorescence,11.178333282470703
2014-11-06,Harvest,8.635714364903315
2014-11-06,Hofbrau Deluxe,7.432145329700816
2014-11-06,Interlude,7.492142915725708
2014-11-06,Irifune Place,6.640000049114228
2014-11-06,Jean's Place,12.847157833249945
2014-11-06,Mamoun's,7.3558090666337455
2014-11-06,Mary's Diner,4.860000012516975
2014-11-06,Midnight,8.443076848983765
2014-11-06,Molinarinari,8.650872693460638
2014-11-06,Nattos,11.092499995231629
2014-11-06,Ranch House,6.870600008583069
2014-11-06,Sapphire,5.7852923586772045
2014-11-06,Siam Cusine,9.167866611035665
2014-11-06,Starlight,13.132222228580051
2014-11-06,The Amber Cuisine,6.695625022053719
2014-11-06,The Amber Lion,6.453642860775902
2014-11-06,The Caramel Hog,5.28093332379659
2014-11-06,The Caviar Salmon,7.91257142175947
2014-11-06,The Cool Pizzeria,7.0072000750223795
2014-11-06,The Court Bites,9.365884624921359
2014-11-06,The Crimson Horse,7.018823498838088
2014-11-06,The Crown,7.765874973922968
2014-11-06,The Depot,5.897600020662944
2014-11-06,The Hot Oak,10.59446664759318
2014-11-06,The Indian Smith,5.998742956597464
2014-11-06,The Mad Oak,7.486666679382324
2014-11-06,The Magical Spices,8.643238102958316
2014-11-06,The Mockingbird,5.320949943375587
2014-11-06,The Noodle Fiddler,9.298749804496765
2014-11-06,The Olive Port,7.459645444141734
2014-11-06,The River Blossom,8.009999990463257
2014-11-06,The Sugar Badger,7.584200048875809
2014-11-06,Tranquility,12.14133334159851
2014-11-06,Trilogy,8.985733318074544
2014-11-06,Vietnam Restaurant,13.287818220832131
2014-11-06,Wiener House,6.558927259289134
2014-11-06,Wolfs,11.526333191076914
2014-11-07,A Cut Above,10.27441053936607
2014-11-07,Aroma,10.234941113079294
2014-11-07,Big Daddy Barbeque,5.505166748523712
2014-11-07,Bistro Bob,5.821974948740006
2014-11-07,Burgers and Fries,5.930566616598766
2014-11-07,Chance,6.360728643635341
2014-11-07,China Palace,9.684584594110342
2014-11-07,Chops and Ribs,5.9100222688463
2014-11-07,Estradanas,10.260750069737433
2014-11-07,Fangs,10.7175769604903
2014-11-07,Fargo,6.802466656335195
2014-11-07,Fluorescence,9.316000014543533
2014-11-07,Harvest,7.119090925563466
2014-11-07,Hofbrau Deluxe,8.791399963972303
2014-11-07,Interlude,10.832352981847876
2014-11-07,Irifune Place,9.282944404178195
2014-11-07,Jean's Place,8.052953871096097
2014-11-07,Mamoun's,8.326228616387503
2014-11-07,Mary's Diner,5.6896667572657265
2014-11-07,Molinarinari,10.208133397865296
2014-11-07,Nattos,15.094999983906746
2014-11-07,Ranch House,10.225666641235351
2014-11-07,Sapphire,6.63639999479814
2014-11-07,Siam Cusine,6.284566661898295
2014-11-07,Starlight,11.21444441212548
2014-11-07,The Amber Cuisine,16.65849996805191
2014-11-07,The Amber Lion,6.860045503963124
2014-11-07,The Caramel Hog,3.8814000197887424
2014-11-07,The Caviar Salmon,7.287200041614879
2014-11-07,The Cool Pizzeria,7.6046666920979815
2014-11-07,The Court Bites,8.489027237181231
2014-11-07,The Crimson Horse,7.65666671593984
2014-11-07,The Crown,5.802261596415593
2014-11-07,The Depot,7.79046666730245
2014-11-07,The Hot Oak,6.2464889026641846
2014-11-07,The Indian Smith,8.042600132560729
2014-11-07,The Mad Oak,12.96849992275238
2014-11-07,The Magical Spices,7.210276994235699
2014-11-07,The Mockingbird,5.046382381227086
2014-11-07,The Noodle Fiddler,8.855714218957083
2014-11-07,The River Blossom,8.915000098092214
2014-11-07,The Sugar Badger,7.127609193212336
2014-11-07,Tranquility,10.407999960581462
2014-11-07,Trilogy,8.723500005086263
2014-11-07,Vietnam Restaurant,7.137599969482421
2014-11-07,Wiener House,5.330266726072629
2014-11-07,Wolfs,10.533833326975504
2014-11-08,A Cut Above,8.00833844008079
2014-11-08,Aroma,8.076449946355819
2014-11-08,Bambino,6.668833288828532
2014-11-08,Big Daddy Barbeque,4.73742859356744
2014-11-08,Bistro Bob,4.97539096902067
2014-11-08,Burgers and Fries,6.5637076314192555
2014-11-08,Chance,5.855933399454752
2014-11-08,China Palace,8.067100030199686
2014-11-08,Chops and Ribs,5.635574968111515
2014-11-08,Estradanas,8.761657888713636
2014-11-08,Fangs,7.381366641871135
2014-11-08,Fargo,9.144738512890155
2014-11-08,Fluorescence,12.480555534362793
2014-11-08,Harvest,13.326250046491623
2014-11-08,Hofbrau Deluxe,7.175466787465413
2014-11-08,Interlude,16.954166571299233
2014-11-08,Irifune Place,10.215000003178915
2014-11-08,Jean's Place,9.868215459442139
2014-11-08,Mamoun's,6.719605909560709
2014-11-08,Mary's Diner,5.416333308431837
2014-11-08,Midnight,9.160769279186542
2014-11-08,Molinarinari,10.050800006622739
2014-11-08,Nattos,12.837272774089467
2014-11-08,Ranch House,8.536605886279835
2014-11-08,Sapphire,6.093514379719326
2014-11-08,Siam Cusine,7.3658000055631
2014-11-08,Starlight,9.891666650772095
2014-11-08,The Amber Cuisine,9.710000004087176
2014-11-08,The Amber Lion,7.710777788903979
2014-11-08,The Caramel Hog,6.1673001325607295
2014-11-08,The Caviar Salmon,5.968215380947407
2014-11-08,The Cool Pizzeria,6.843799977747599
2014-11-08,The Court Bites,8.148607773003212
2014-11-08,The Crimson Horse,6.780999994277955
2014-11-08,The Crown,6.621800068664551
2014-11-08,The Depot,7.527200056505204
2014-11-08,The Hot Oak,7.011754559326172
2014-11-08,The Indian Smith,7.2787428726400645
2014-11-08,The Mad Oak,13.181249856948853
2014-11-08,The Magical Spices,8.40900950609843
2014-11-08,The Mockingbird,5.610553847621038
2014-11-08,The Noodle Fiddler,7.975000023841858
2014-11-08,The Olive Port,7.3383384549361015
2014-11-08,The River Blossom,13.64928560597556
2014-11-08,The Sugar Badger,6.9709846594003535
2014-11-08,Tranquility,12.375000039736431
2014-11-08,Trilogy,7.3661999542236325
2014-11-08,Wiener House,6.538900034093857
2014-11-08,Wolfs,8.287411124356588
2014-11-09,A Cut Above,8.849876928945688
2014-11-09,Aroma,7.899199972343445
2014-11-09,Bambino,6.514000036027697
2014-11-09,Big Daddy Barbeque,4.8537727826982735
2014-11-09,Bistro Bob,6.177550010728836
2014-11-09,Burgers and Fries,6.019463154381199
2014-11-09,Chance,6.35769084926952
2014-11-09,China Palace,8.605733363850911
2014-11-09,Chops and Ribs,4.416799953508377
2014-11-09,Estradanas,8.846888965712653
2014-11-09,Fangs,7.55024445292155
2014-11-09,Fargo,7.692155604034
2014-11-09,Fluorescence,13.10499997138977
2014-11-09,Harvest,12.268125057220459
2014-11-09,Hofbrau Deluxe,8.922892207189706
2014-11-09,Interlude,10.8807692527771
2014-11-09,Irifune Place,8.778909090475603
2014-11-09,Jean's Place,6.213136892298648
2014-11-09,Mamoun's,8.793133319028218
2014-11-09,Mary's Diner,4.550833311213387
2014-11-09,Midnight,10.684285504477364
2014-11-09,Molinarinari,8.612600067710876
2014-11-09,Nattos,9.903333306312561
2014-11-09,Ranch House,9.041900047087669
2014-11-09,Sapphire,4.786999974638223
2014-11-09,Siam Cusine,8.77051812763214
2014-11-09,Starlight,12.158000055948893
2014-11-09,The Amber Cuisine,14.32416663567225
2014-11-09,The Amber Lion,7.379461564504183
2014-11-09,The Caramel Hog,6.62322314514747
2014-11-09,The Caviar Salmon,7.043599997329712
2014-11-09,The Cool Pizzeria,6.900109139459783
2014-11-09,The Court Bites,9.818499928792317
2014-11-09,The Crimson Horse,7.45555550257365
2014-11-09,The Crown,6.317646252147968
2014-11-09,The Depot,6.842599935843728
2014-11-09,The Hot Oak,8.040774932050706
2014-11-09,The Indian Smith,7.95840001335144
2014-11-09,The Mad Oak,13.15399990081787
2014-11-09,The Magical Spices,7.905733411534627
2014-11-09,The Mockingbird,5.363599984105428
2014-11-09,The Noodle Fiddler,8.164000034332275
2014-11-09,The Olive Port,6.482094101518744
2014-11-09,The River Blossom,10.438333362340927
2014-11-09,The Sugar Badger,7.380215386816172
2014-11-09,Tranquility,10.49857132775443
2014-11-09,Trilogy,6.55105710811615
2014-11-09,Vietnam Restaurant,7.904350030994415
2014-11-09,Wiener House,4.427690922095558
2014-11-09,Wolfs,13.364699933242798
2014-11-10,A Cut Above,8.323942903464182
2014-11-10,Aroma,8.53898461611821
2014-11-10,Bambino,6.19988234648985
2014-11-10,Big Daddy Barbeque,5.619888927565681
2014-11-10,Bistro Bob,5.609523084992629
2014-11-10,Burgers and Fries,6.936400033775966
2014-11-10,Chance,6.31053332379659
2014-11-10,China Palace,11.732133390553791
2014-11-10,Estradanas,7.292846228672908
2014-11-10,Fangs,12.095633423614501
2014-11-10,Fargo,6.640766671435038
2014-11-10,Fluorescence,13.746922914798443
2014-11-10,Harvest,10.723333411746555
2014-11-10,Hofbrau Deluxe,8.058066601498922
2014-11-10,Interlude,14.865999984741212
2014-11-10,Irifune Place,7.349833388964336
2014-11-10,Jean's Place,9.905571402004787
2014-11-10,Mamoun's,9.274799923706055
2014-11-10,Mary's Diner,6.532611127005683
2014-11-10,Midnight,11.610588264815949
2014-11-10,Molinarinari,9.131499924898147
2014-11-10,Nattos,11.884666697184244
2014-11-10,Ranch House,11.652972702997381
2014-11-10,Sapphire,6.019199991416931
2014-11-10,Siam Cusine,11.213871416309903
2014-11-10,Starlight,10.390000057220458
2014-11-10,The Amber Cuisine,15.141428572790963
2014-11-10,The Amber Lion,6.67999997329712
2014-11-10,The Caramel Hog,5.14062231997384
2014-11-10,The Caviar Salmon,6.526114262894222
2014-11-10,The Cool Pizzeria,7.503800023841858
2014-11-10,The Court Bites,6.980433302338918
2014-11-10,The Crimson Horse,7.5709090622988615
2014-11-10,The Crown,7.639399956607818
2014-11-10,The Depot,7.862800004172325
2014-11-10,The Hot Oak,6.927266714668274
2014-11-10,The Indian Smith,7.761325004768372
2014-11-10,The Mad Oak,18.146363735198975
2014-11-10,The Magical Spices,7.478000085830688
2014-11-10,The Mockingbird,4.54494444656372
2014-11-10,The Noodle Fiddler,10.117142779486521
2014-11-10,The Olive Port,8.32750006532669
2014-11-10,The River Blossom,8.779166599114735
2014-11-10,The Sugar Badger,7.462700093221665
2014-11-10,Tranquility,8.59500002861023
2014-11-10,Trilogy,7.159533262125651
2014-11-10,Wiener House,5.103399972820282
2014-11-10,Wolfs,10.241166748682659
2014-11-11,A Cut Above,9.787833368937175
2014-11-11,Aroma,7.567326318801077
2014-11-11,Bambino,4.761545368281277
2014-11-11,Big Daddy Barbeque,6.81319234583928
2014-11-11,Bistro Bob,5.348963598650152
2014-11-11,Burgers and Fries,7.263085729272025
2014-11-11,Chance,5.854715410658029
2014-11-11,China Palace,7.3873000055631
2014-11-11,Chops and Ribs,5.157566736602783
2014-11-11,Estradanas,10.212999899864197
2014-11-11,Fangs,7.134700084280968
2014-11-11,Fargo,7.245446115332383
2014-11-11,Fluorescence,10.222941272399005
2014-11-11,Harvest,12.768461520855244
2014-11-11,Hofbrau Deluxe,8.224257095173428
2014-11-11,Interlude,8.799999952316284
2014-11-11,Irifune Place,8.876750004470349
2014-11-11,Jean's Place,8.427422116258409
2014-11-11,Mamoun's,9.092700059127807
2014-11-11,Mary's Diner,5.95049994913737
2014-11-11,Midnight,7.490000009536743
2014-11-11,Molinarinari,6.52930003973643
2014-11-11,Nattos,8.40416665871938
2014-11-11,Ranch House,10.10995378013024
2014-11-11,Sapphire,6.208057117652893
2014-11-11,Siam Cusine,8.192723090127798
2014-11-11,The Amber Cuisine,11.038823506411383
2014-11-11,The Amber Lion,6.321230780234704
2014-11-11,The Caramel Hog,4.463523554375592
2014-11-11,The Caviar Salmon,6.893563663239912
2014-11-11,The Cool Pizzeria,8.27117146331242
2014-11-11,The Court Bites,7.0049570856366845
2014-11-11,The Crimson Horse,6.971428612300327
2014-11-11,The Crown,5.954424983906746
2014-11-11,The Depot,7.690328546905517
2014-11-11,The Hot Oak,10.047333373864491
2014-11-11,The Indian Smith,7.931600008669767
2014-11-11,The Mad Oak,9.193529409520767
2014-11-11,The Magical Spices,7.5743428666796
2014-11-11,The Mockingbird,6.37173337243398
2014-11-11,The Noodle Fiddler,10.129166682561237
2014-11-11,The Olive Port,8.237284196472167
2014-11-11,The River Blossom,10.576666673024494
2014-11-11,The Sugar Badger,7.978933340220982
2014-11-11,Tranquility,9.456875070929527
2014-11-11,Trilogy,9.829675079870224
2014-11-11,Vietnam Restaurant,9.205400016212463
2014-11-11,Wiener House,6.181466656335195
2014-11-11,Wolfs,8.391342925262451
2014-11-12,A Cut Above,8.031733384195963
2014-11-12,Aroma,7.624400070571899
2014-11-12,Bambino,5.832124966919422
2014-11-12,Big Daddy Barbeque,5.53525003695488
2014-11-12,Bistro Bob,5.920292253222833
2014-11-12,Burgers and Fries,5.89264994635582
2014-11-12,Chance,5.869266688283284
2014-11-12,China Palace,7.233133406448364
2014-11-12,Chops and Ribs,6.008999951124191
2014-11-12,Estradanas,9.871710523304186
2014-11-12,Fangs,10.077657995123612
2014-11-12,Fargo,7.990488858159383
2014-11-12,Fluorescence,11.046923004663908
2014-11-12,Hofbrau Deluxe,8.135099950726827
2014-11-12,Interlude,12.449999976158143
2014-11-12,Irifune Place,7.880499940872193
2014-11-12,Jean's Place,8.011563625959917
2014-11-12,Mamoun's,12.419400140326363
2014-11-12,Mary's Diner,5.507874985098839
2014-11-12,Midnight,10.61166661977768
2014-11-12,Nattos,13.063999938964844
2014-11-12,Ranch House,8.553644449742634
2014-11-12,Sapphire,5.580618204359575
2014-11-12,Siam Cusine,8.726699963760376
2014-11-12,Starlight,9.719090830196034
2014-11-12,The Amber Cuisine,14.61727272380482
2014-11-12,The Amber Lion,5.350499988079071
2014-11-12,The Caramel Hog,5.43944732952118
2014-11-12,The Caviar Salmon,6.954800027974446
2014-11-12,The Cool Pizzeria,6.909199998940362
2014-11-12,The Court Bites,9.504346159714919
2014-11-12,The Crimson Horse,8.6133333630032
2014-11-12,The Crown,8.522600085830689
2014-11-12,The Hot Oak,8.418533372275036
2014-11-12,The Indian Smith,9.6548000222524
2014-11-12,The Mad Oak,11.248181754892522
2014-11-12,The Magical Spices,8.100100065803527
2014-11-12,The Mockingbird,5.764128559337344
2014-11-12,The Noodle Fiddler,7.713333288828532
2014-11-12,The Olive Port,7.296971418012891
2014-11-12,The River Blossom,12.646666725476582
2014-11-12,The Sugar Badger,7.991963588679921
2014-11-12,Tranquility,9.175000023841857
2014-11-12,Trilogy,7.8854999311992096
2014-11-12,Vietnam Restaurant,9.236945432004061
2014-11-12,Wiener House,6.496945369581743
2014-11-12,Wolfs,9.938955573039586
2014-11-13,A Cut Above,7.255546150911772
2014-11-13,Aroma,9.75842860685076
2014-11-13,Bambino,6.583230804443359
2014-11-13,Big Daddy Barbeque,5.193857095854623
2014-11-13,Bistro Bob,6.623500039418539
2014-11-13,Burgers and Fries,7.862828631373814
2014-11-13,Chance,6.815057195990426
2014-11-13,China Palace,7.430933324511846
2014-11-13,Chops and Ribs,5.903400021317426
2014-11-13,Estradanas,7.443666668574015
2014-11-13,Fangs,10.957399971389771
2014-11-13,Fargo,9.878199957084655
2014-11-13,Fluorescence,8.51714289188385
2014-11-13,Harvest,11.391666650772095
2014-11-13,Hofbrau Deluxe,7.916399968111515
2014-11-13,Interlude,9.53583327929179
2014-11-13,Irifune Place,8.161131580955104
2014-11-13,Jean's Place,8.77679993460519
2014-11-13,Mamoun's,7.660514335441589
2014-11-13,Mary's Diner,5.340000050544739
2014-11-13,Midnight,8.932142921856471
2014-11-13,Molinarinari,8.061828587777274
2014-11-13,Nattos,10.506111092037624
2014-11-13,Ranch House,8.896344499545627
2014-11-13,Sapphire,4.531550049322844
2014-11-13,Siam Cusine,10.732500062306721
2014-11-13,Starlight,6.874999982970102
2014-11-13,The Amber Cuisine,15.48352946954615
2014-11-13,The Amber Lion,7.789666695276896
2014-11-13,The Caramel Hog,4.992099967813492
2014-11-13,The Caviar Salmon,6.089155593967438
2014-11-13,The Cool Pizzeria,7.535353913277846
2014-11-13,The Court Bites,12.29318571156093
2014-11-13,The Crimson Horse,6.658571454456875
2014-11-13,The Crown,7.846599967575073
2014-11-13,The Depot,8.521900030517578
2014-11-13,The Hot Oak,6.974364724394855
2014-11-13,The Indian Smith,8.179292313561072
2014-11-13,The Mad Oak,16.262000036239623
2014-11-13,The Mockingbird,4.9144539253821735
2014-11-13,The Noodle Fiddler,8.710000038146973
2014-11-13,The Olive Port,7.526009125588157
2014-11-13,The River Blossom,12.746249936521053
2014-11-13,The Sugar Badger,8.148710582532381
2014-11-13,Tranquility,9.979999945713924
2014-11-13,Trilogy,8.77506662979126
2014-11-13,Vietnam Restaurant,8.45513339744144
2014-11-13,Wiener House,6.204030770697961
2014-11-13,Wolfs,7.813442828532628
2014-11-14,A Cut Above,8.721463682313399
2014-11-14,Aroma,10.597323095996563
2014-11-14,Bambino,6.352318161010742
2014-11-14,Bistro Bob,6.504675017881393
2014-11-14,Burgers and Fries,5.34299994134903
2014-11-14,Chance,6.969646178054809
2014-11-14,China Palace,7.708933248138428
2014-11-14,Chops and Ribs,5.464000010596381
2014-11-14,Estradanas,8.11926929972722
2014-11-14,Fangs,7.709646150911771
2014-11-14,Fargo,10.93019993133545
2014-11-14,Fluorescence,9.745294178233427
2014-11-14,Harvest,12.819285648209709
2014-11-14,Hofbrau Deluxe,8.67464443040424
2014-11-14,Interlude,12.277000021934509
2014-11-14,Irifune Place,8.886777712080214
2014-11-14,Jean's Place,11.864199936103821
2014-11-14,Mamoun's,9.443588900147544
2014-11-14,Mary's Diner,4.987374963641167
2014-11-14,Molinarinari,9.032542884390695
2014-11-14,Nattos,12.083846110564012
2014-11-14,Ranch House,8.260025017881393
2014-11-14,Sapphire,5.705999954986572
2014-11-14,Siam Cusine,8.478699945958455
2014-11-14,Starlight,10.807499905427296
2014-11-14,The Amber Cuisine,15.950909051028164
2014-11-14,The Amber Lion,6.708227271860296
2014-11-14,The Caramel Hog,4.612100002384186
2014-11-14,The Caviar Salmon,6.3984000019073495
2014-11-14,The Cool Pizzeria,6.955599956130981
2014-11-14,The Court Bites,8.580050013113022
2014-11-14,The Crimson Horse,8.66111117998759
2014-11-14,The Crown,7.074290914292769
2014-11-14,The Depot,8.208950014305115
2014-11-14,The Hot Oak,7.511300054041545
2014-11-14,The Indian Smith,8.733138416055532
2014-11-14,The Mad Oak,13.847142849649702
2014-11-14,The Magical Spices,8.248209504736037
2014-11-14,The Mockingbird,6.258353854956994
2014-11-14,The Noodle Fiddler,9.201818173581904
2014-11-14,The Olive Port,6.758733299636841
2014-11-14,The River Blossom,9.497500121593475
2014-11-14,The Sugar Badger,7.868499929428101
2014-11-14,Tranquility,19.294285569872173
2014-11-14,Trilogy,7.890499926430838
2014-11-14,Vietnam Restaurant,8.41573340326945
2014-11-14,Wiener House,5.770366700839996
2014-11-14,Wolfs,8.198442895630428
2014-11-15,A Cut Above,6.6943090878746725
2014-11-15,Aroma,7.795199996026357
2014-11-15,Bambino,5.696785721267973
2014-11-15,Big Daddy Barbeque,5.77264284488133
2014-11-15,Bistro Bob,6.723185709517343
2014-11-15,Burgers and Fries,7.031308999009566
2014-11-15,China Palace,10.746168503369782
2014-11-15,Chops and Ribs,6.281941205641803
2014-11-15,Estradanas,8.559750050067901
2014-11-15,Fangs,9.804500025431315
2014-11-15,Fargo,10.816149907016754
2014-11-15,Fluorescence,10.39416668812434
2014-11-15,Harvest,10.607777807447645
2014-11-15,Hofbrau Deluxe,9.930924991655349
2014-11-15,Interlude,8.278666639328003
2014-11-15,Irifune Place,9.331846142108624
2014-11-15,Jean's Place,7.347630814713698
2014-11-15,Mamoun's,10.941266617393493
2014-11-15,Mary's Diner,5.8558570658820015
2014-11-15,Midnight,12.744444449742634
2014-11-15,Molinarinari,11.729070519795137
2014-11-15,Nattos,10.333333269755045
2014-11-15,Ranch House,6.596049959766865
2014-11-15,Sapphire,6.06294736289978
2014-11-15,Siam Cusine,10.044499987284343
2014-11-15,Starlight,11.981538460804867
2014-11-15,The Amber Cuisine,10.116111053360832
2014-11-15,The Amber Lion,6.517214291163853
2014-11-15,The Caramel Hog,5.977878941847148
2014-11-15,The Caviar Salmon,7.7615142959322245
2014-11-15,The Cool Pizzeria,7.787436409586126
2014-11-15,The Court Bites,8.371754532341525
2014-11-15,The Crimson Horse,8.472142847946712
2014-11-15,The Crown,8.319000063578288
2014-11-15,The Depot,7.8292285941351025
2014-11-15,The Hot Oak,8.919147072006673
2014-11-15,The Indian Smith,8.342399957084655
2014-11-15,The Mad Oak,6.791818131100047
2014-11-15,The Magical Spices,7.715649989271164
2014-11-15,The Mockingbird,5.600400027656556
2014-11-15,The Noodle Fiddler,8.09300000667572
2014-11-15,The Olive Port,6.745449961853027
2014-11-15,The River Blossom,11.2960000594457
2014-11-15,The Sugar Badger,9.332150016093255
2014-11-15,Tranquility,12.707692293020395
2014-11-15,Trilogy,6.160552923224954
2014-11-15,Vietnam Restaurant,8.593723065919143
2014-11-15,Wiener House,5.917428560529436
2014-11-15,Wolfs,7.3474845662337085
2014-11-16,A Cut Above,8.282811206478542
2014-11-16,Aroma,7.359366661103566
2014-11-16,Bambino,6.4404999770522116
2014-11-16,Big Daddy Barbeque,5.238666698773702
2014-11-16,Bistro Bob,5.749575035166741
2014-11-16,Burgers and Fries,5.868375013262034
2014-11-16,Chance,6.471990859239751
2014-11-16,China Palace,8.982399925613404
2014-11-16,Estradanas,7.940499923388163
2014-11-16,Fangs,11.852966686375936
2014-11-16,Fluorescence,9.629166563351948
2014-11-16,Harvest,11.147142929690226
2014-11-16,Hofbrau Deluxe,7.7712363272233445
2014-11-16,Interlude,8.966666559378307
2014-11-16,Irifune Place,7.267833282470703
2014-11-16,Jean's Place,7.153723097463755
2014-11-16,Mamoun's,12.057833365122477
2014-11-16,Mary's Diner,5.596333348592122
2014-11-16,Midnight,11.658666610717773
2014-11-16,Molinarinari,7.831024917149544
2014-11-16,Nattos,12.226250022649765
2014-11-16,Ranch House,9.450109108248624
2014-11-16,Sapphire,5.384300026583672
2014-11-16,Siam Cusine,8.557800064849854
2014-11-16,Starlight,12.76499992609024
2014-11-16,The Amber Cuisine,10.572500089804333
2014-11-16,The Amber Lion,6.718249956190586
2014-11-16,The Caramel Hog,4.081977744332949
2014-11-16,The Cool Pizzeria,6.363199981880188
2014-11-16,The Court Bites,9.357566663487752
2014-11-16,The Crimson Horse,7.596250009536743
2014-11-16,The Crown,6.573622155465021
2014-11-16,The Depot,6.688963610354337
2014-11-16,The Hot Oak,9.047075040531158
2014-11-16,The Indian Smith,7.95226666285197
2014-11-16,The Mad Oak,6.875333380699158
2014-11-16,The Magical Spices,8.230511168993845
2014-11-16,The Mockingbird,6.077188821072048
2014-11-16,The Noodle Fiddler,6.744999965031941
2014-11-16,The Olive Port,8.084300047683715
2014-11-16,The River Blossom,12.84799993832906
2014-11-16,The Sugar Badger,6.668185720416478
2014-11-16,Tranquility,9.158333321412403
2014-11-16,Trilogy,7.480399938170115
2014-11-16,Vietnam Restaurant,11.964825014305115
2014-11-16,Wiener House,5.141933378632863
2014-11-16,Wolfs,7.621533345413209
2014-11-17,A Cut Above,9.724750053048133
2014-11-17,Aroma,9.299600010172526
2014-11-17,Bambino,6.243500047683716
2014-11-17,Big Daddy Barbeque,5.693499930381774
2014-11-17,Bistro Bob,5.713900014305114
2014-11-17,Burgers and Fries,7.413799871253968
2014-11-17,Chance,7.425799968210857
2014-11-17,China Palace,10.972533349227906
2014-11-17,Chops and Ribs,6.870333287556966
2014-11-17,Estradanas,7.588999996423722
2014-11-17,Fangs,6.160677811686198
2014-11-17,Fargo,6.954327323445407
2014-11-17,Fluorescence,12.770666790008544
2014-11-17,Harvest,11.787777768241035
2014-11-17,Hofbrau Deluxe,7.406349985098839
2014-11-17,Interlude,10.665714161736624
2014-11-17,Irifune Place,11.894692278348483
2014-11-17,Jean's Place,9.492000135103861
2014-11-17,Mamoun's,9.05470006755193
2014-11-17,Mary's Diner,4.504499984651804
2014-11-17,Midnight,14.406153715573824
2014-11-17,Molinarinari,10.543776473673653
2014-11-17,Nattos,9.916428583008901
2014-11-17,Ranch House,7.835746128170307
2014-11-17,Sapphire,3.9411999883174893
2014-11-17,Siam Cusine,9.212369293858455
2014-11-17,Starlight,7.439999997615814
2014-11-17,The Amber Cuisine,9.040666596094766
2014-11-17,The Amber Lion,6.408277863078648
2014-11-17,The Caramel Hog,5.693992326765794
2014-11-17,The Caviar Salmon,7.035266696866353
2014-11-17,The Cool Pizzeria,7.121600036239624
2014-11-17,The Court Bites,8.78839996840954
2014-11-17,The Crimson Horse,7.816666666666666
2014-11-17,The Crown,7.614733333333334
2014-11-17,The Depot,6.778433388169606
2014-11-17,The Hot Oak,7.119933348592123
2014-11-17,The Indian Smith,8.641858848773733
2014-11-17,The Mad Oak,10.156153770593496
2014-11-17,The Magical Spices,8.057473681700857
2014-11-17,The Mockingbird,5.973033424727122
2014-11-17,The Noodle Fiddler,9.25782613132311
2014-11-17,The Olive Port,8.362866705449422
2014-11-17,The River Blossom,9.648750126361847
2014-11-17,The Sugar Badger,8.229200019868214
2014-11-17,Tranquility,7.224545457146385
2014-11-17,Trilogy,8.116055514759488
2014-11-17,Vietnam Restaurant,9.385222255733279
2014-11-17,Wolfs,7.116507687172523
2014-11-18,A Cut Above,6.333561530025189
2014-11-18,Aroma,6.705542911638532
2014-11-18,Bambino,6.897571446963719
2014-11-18,Big Daddy Barbeque,5.038666706502438
2014-11-18,Bistro Bob,6.279641173385172
2014-11-18,Burgers and Fries,6.371399912435359
2014-11-18,Chance,6.927158843865113
2014-11-18,China Palace,10.076352915090673
2014-11-18,Chops and Ribs,5.906369240672771
2014-11-18,Estradanas,7.480499984741211
2014-11-18,Fangs,8.843299987284343
2014-11-18,Fargo,7.293907635087233
2014-11-18,Fluorescence,12.534374997019768
2014-11-18,Harvest,12.131818077780984
2014-11-18,Hofbrau Deluxe,11.329933295186361
2014-11-18,Interlude,11.524999886751175
2014-11-18,Irifune Place,10.154428510120937
2014-11-18,Jean's Place,7.524577858310276
2014-11-18,Mamoun's,8.998271410860333
2014-11-18,Mary's Diner,4.97215383551671
2014-11-18,Midnight,9.928125008940697
2014-11-18,Molinarinari,9.097622179836696
2014-11-18,Nattos,9.83100004196167
2014-11-18,Sapphire,5.553244476233588
2014-11-18,Siam Cusine,10.375611119058398
2014-11-18,Starlight,11.248181906613437
2014-11-18,The Amber Cuisine,14.584615340599647
2014-11-18,The Amber Lion,5.878166676998139
2014-11-18,The Caramel Hog,7.187838541500385
2014-11-18,The Caviar Salmon,7.074849942779541
2014-11-18,The Cool Pizzeria,9.02926661421458
2014-11-18,The Court Bites,8.580066669845582
2014-11-18,The Crimson Horse,7.326363732598045
2014-11-18,The Crown,7.4442571237836574
2014-11-18,The Depot,7.383899980330467
2014-11-18,The Indian Smith,7.3492470714456894
2014-11-18,The Mad Oak,7.851666688919067
2014-11-18,The Magical Spices,7.518775005662441
2014-11-18,The Mockingbird,5.61439996016423
2014-11-18,The Noodle Fiddler,7.7122222317589655
2014-11-18,The River Blossom,9.236999988555908
2014-11-18,The Sugar Badger,7.232466678110758
2014-11-18,Tranquility,11.636956525885541
2014-11-18,Trilogy,7.4003429661342075
2014-11-18,Vietnam Restaurant,8.086199991059303
2014-11-18,Wiener House,5.207180980537052
2014-11-18,Wolfs,9.21306671148936
2014-11-19,A Cut Above,7.964100000953675
2014-11-19,Aroma,12.027755487738716
2014-11-19,Bambino,6.278357073375156
2014-11-19,Big Daddy Barbeque,6.547384633724507
2014-11-19,Bistro Bob,5.1512077077132
2014-11-19,Burgers and Fries,5.11114279986918
2014-11-19,Chance,6.777266696548462
2014-11-19,China Palace,9.835309061431884
2014-11-19,Chops and Ribs,4.732200008583069
2014-11-19,Estradanas,10.21749996503194
2014-11-19,Fangs,8.839646228672908
2014-11-19,Fargo,6.938475008940697
2014-11-19,Fluorescence,8.698888937632244
2014-11-19,Harvest,8.374999982970103
2014-11-19,Hofbrau Deluxe,8.233542817633493
2014-11-19,Interlude,10.487058849895702
2014-11-19,Irifune Place,6.430409047560259
2014-11-19,Jean's Place,9.45110001947085
2014-11-19,Mamoun's,11.287600001907348
2014-11-19,Mary's Diner,5.288666672070821
2014-11-19,Midnight,12.154285660811833
2014-11-19,Molinarinari,8.877399942461649
2014-11-19,Nattos,9.555999954541523
2014-11-19,Ranch House,9.400499873399735
2014-11-19,Sapphire,6.203031595511185
2014-11-19,Siam Cusine,10.981685696574619
2014-11-19,Starlight,6.859091000123457
2014-11-19,The Amber Cuisine,14.59333336353302
2014-11-19,The Amber Lion,7.599807718717134
2014-11-19,The Caramel Hog,6.841472674387151
2014-11-19,The Caviar Salmon,6.678450059306622
2014-11-19,The Cool Pizzeria,5.945509162868153
2014-11-19,The Court Bites,8.104761624292227
2014-11-19,The Crimson Horse,7.7350000222524
2014-11-19,The Crown,6.482133400090535
2014-11-19,The Depot,7.469338534898025
2014-11-19,The Hot Oak,9.218166735013327
2014-11-19,The Indian Smith,7.154371432658603
2014-11-19,The Mad Oak,10.035000109672547
2014-11-19,The Magical Spices,8.173769221599285
2014-11-19,The Mockingbird,5.692744438616435
2014-11-19,The Noodle Fiddler,8.627499975264072
2014-11-19,The Olive Port,7.217566652361552
2014-11-19,The River Blossom,8.098333319028217
2014-11-19,The Sugar Badger,7.616700112706965
2014-11-19,Tranquility,10.06499993801117
2014-11-19,Trilogy,6.900977778307597
2014-11-19,Wiener House,5.45036474571228
2014-11-20,A Cut Above,11.14929099925648
2014-11-20,Aroma,7.393466685740153
2014-11-20,Bambino,6.713166645208995
2014-11-20,Big Daddy Barbeque,5.637388935777876
2014-11-20,Bistro Bob,5.465457161249433
2014-11-20,Burgers and Fries,5.578711090977986
2014-11-20,Chance,6.569933306630452
2014-11-20,China Palace,10.247200055948893
2014-11-20,Chops and Ribs,5.5559818147139115
2014-11-20,Estradanas,8.566499954223632
2014-11-20,Fangs,8.075800013004649
2014-11-20,Fargo,11.284799996423722
2014-11-20,Fluorescence,12.51692298742441
2014-11-20,Harvest,12.603846146510197
2014-11-20,Hofbrau Deluxe,9.754290959375554
2014-11-20,Interlude,10.594285692487444
2014-11-20,Irifune Place,8.712374956339598
2014-11-20,Jean's Place,7.999300011920929
2014-11-20,Mamoun's,7.64045550787184
2014-11-20,Mary's Diner,4.976500042259693
2014-11-20,Midnight,13.271666705608368
2014-11-20,Molinarinari,7.89269088308161
2014-11-20,Nattos,8.762142862592425
2014-11-20,Ranch House,8.834654499504783
2014-11-20,Sapphire,4.815466656573614
2014-11-20,Siam Cusine,9.568028613662719
2014-11-20,Starlight,13.07333336273829
2014-11-20,The Amber Cuisine,12.600769226367657
2014-11-20,The Amber Lion,7.250823541753433
2014-11-20,The Caramel Hog,5.4247615575350245
2014-11-20,The Caviar Salmon,6.849526326079118
2014-11-20,The Cool Pizzeria,7.756577851952446
2014-11-20,The Court Bites,7.608118173581904
2014-11-20,The Crimson Horse,7.565333382288616
2014-11-20,The Crown,6.664475081658363
2014-11-20,The Depot,8.101353809474064
2014-11-20,The Hot Oak,7.061766657924652
2014-11-20,The Indian Smith,8.293553886501606
2014-11-20,The Mad Oak,9.843333375950653
2014-11-20,The Magical Spices,8.64260001335144
2014-11-20,The Mockingbird,5.864014326586042
2014-11-20,The Noodle Fiddler,7.679999977350235
2014-11-20,The Olive Port,8.471833384195964
2014-11-20,The River Blossom,12.59416671593984
2014-11-20,The Sugar Badger,9.227633360036215
2014-11-20,Tranquility,10.067333348592122
2014-11-20,Trilogy,7.492644410536024
2014-11-20,Vietnam Restaurant,10.042355589463977
2014-11-20,Wiener House,6.171933350022633
2014-11-20,Wolfs,8.293290965444392
2014-11-21,A Cut Above,6.759392282750056
2014-11-21,Aroma,7.516030772898747
2014-11-21,Bambino,6.305500071525573
2014-11-21,Big Daddy Barbeque,5.186928632395608
2014-11-21,Bistro Bob,6.434933304723104
2014-11-21,Burgers and Fries,6.730538461538462
2014-11-21,Chance,6.782914301381792
2014-11-21,China Palace,12.042690953306717
2014-11-21,Chops and Ribs,5.403292256340613
2014-11-21,Estradanas,7.9151666592492
2014-11-21,Fangs,10.82550001335144
2014-11-21,Fargo,7.3008000160932545
2014-11-21,Fluorescence,9.360000099454608
2014-11-21,Harvest,14.104166761040688
2014-11-21,Hofbrau Deluxe,8.104257243674143
2014-11-21,Interlude,9.270909092643045
2014-11-21,Irifune Place,10.236166677474976
2014-11-21,Jean's Place,8.200200084241231
2014-11-21,Mamoun's,8.522299985694886
2014-11-21,Mary's Diner,4.980692330433772
2014-11-21,Midnight,9.212500095367432
2014-11-21,Molinarinari,7.103600110353742
2014-11-21,Nattos,12.806666612625122
2014-11-21,Ranch House,10.211884616851806
2014-11-21,Sapphire,6.982984670404288
2014-11-21,Siam Cusine,8.32392495112419
2014-11-21,Starlight,10.194375053048134
2014-11-21,The Amber Cuisine,11.759166638056438
2014-11-21,The Amber Lion,5.835666757265727
2014-11-21,The Caramel Hog,4.693694086091659
2014-11-21,The Caviar Salmon,6.20440002002716
2014-11-21,The Cool Pizzeria,8.545857178960528
2014-11-21,The Court Bites,7.830146116432776
2014-11-21,The Crimson Horse,6.534615435967078
2014-11-21,The Crown,6.674800113487244
2014-11-21,The Depot,7.378314216913496
2014-11-21,The Hot Oak,8.93992103407179
2014-11-21,The Indian Smith,8.986692359044001
2014-11-21,The Mad Oak,12.84937496483326
2014-11-21,The Magical Spices,6.779018227226084
2014-11-21,The Mockingbird,5.93800000923872
2014-11-21,The Noodle Fiddler,7.79818175055764
2014-11-21,The Olive Port,6.615833397865295
2014-11-21,The River Blossom,13.894375026226044
2014-11-21,Tranquility,10.136666595935822
2014-11-21,Trilogy,8.460499910763332
2014-11-21,Vietnam Restaurant,8.075366717727979
2014-11-21,Wolfs,9.32046656891505
2014-11-22,A Cut Above,8.956799972256746
2014-11-22,Aroma,8.581353925382174
2014-11-22,Bambino,7.503333353042603
2014-11-22,Big Daddy Barbeque,4.746269135585198
2014-11-22,Bistro Bob,5.868149975462754
2014-11-22,Burgers and Fries,5.989366677395503
2014-11-22,Chance,6.139369230769231
2014-11-22,China Palace,7.356266679382324
2014-11-22,Chops and Ribs,5.183699999205272
2014-11-22,Estradanas,6.5147143061501644
2014-11-22,Fangs,10.365611155086093
2014-11-22,Fargo,7.711599986886978
2014-11-22,Fluorescence,7.845714126314435
2014-11-22,Harvest,10.817857248442515
2014-11-22,Hofbrau Deluxe,10.47614282478605
2014-11-22,Interlude,9.679999947547913
2014-11-22,Irifune Place,7.956125025629998
2014-11-22,Jean's Place,7.873026165323672
2014-11-22,Mamoun's,10.257427257121693
2014-11-22,Mary's Diner,4.882999991304734
2014-11-22,Midnight,12.26000000635783
2014-11-22,Molinarinari,9.029200036239624
2014-11-22,Nattos,13.892857023647853
2014-11-22,Ranch House,12.52922938820334
2014-11-22,Sapphire,5.579599940872193
2014-11-22,Siam Cusine,8.510128510120937
2014-11-22,Starlight,9.805999970436096
2014-11-22,The Amber Cuisine,10.762142981801714
2014-11-22,The Caramel Hog,5.707533322207133
2014-11-22,The Caviar Salmon,6.8237368581671465
2014-11-22,The Cool Pizzeria,7.199633369096119
2014-11-22,The Court Bites,8.5077332862854
2014-11-22,The Crimson Horse,6.2699999690055845
2014-11-22,The Crown,6.4308999885559075
2014-11-22,The Depot,6.888311811828613
2014-11-22,The Hot Oak,9.367650022649766
2014-11-22,The Indian Smith,7.652400044618334
2014-11-22,The Mad Oak,10.580000097101385
2014-11-22,The Magical Spices,6.372200076293945
2014-11-22,The Mockingbird,5.311066709979375
2014-11-22,The Noodle Fiddler,7.901363665407354
2014-11-22,The Olive Port,8.066800004768371
2014-11-22,The River Blossom,10.251000064611436
2014-11-22,The Sugar Badger,7.675033245913188
2014-11-22,Tranquility,11.886000061035157
2014-11-22,Trilogy,7.576400011807396
2014-11-22,Vietnam Restaurant,9.370436520559139
2014-11-22,Wiener House,5.0445999930858605
2014-11-22,Wolfs,9.880400068028768
2014-11-23,A Cut Above,7.494066681925456
2014-11-23,Aroma,8.662350089406967
2014-11-23,Bambino,5.6539706207724185
2014-11-23,Big Daddy Barbeque,5.0592222300370535
2014-11-23,Bistro Bob,5.405492368580745
2014-11-23,Burgers and Fries,6.536136858669081
2014-11-23,Chance,7.762229442618875
2014-11-23,China Palace,9.752836415654963
2014-11-23,Chops and Ribs,5.717457137066977
2014-11-23,Estradanas,7.789499904632568
2014-11-23,Fangs,10.217499949455261
2014-11-23,Fargo,6.2487999852180485
2014-11-23,Fluorescence,11.626250088214874
2014-11-23,Harvest,8.616923002096323
2014-11-23,Hofbrau Deluxe,9.321499922116598
2014-11-23,Interlude,12.91399986743927
2014-11-23,Irifune Place,8.575166705343458
2014-11-23,Jean's Place,9.263599958447049
2014-11-23,Mamoun's,11.190950036954879
2014-11-23,Mary's Diner,5.714558856417151
2014-11-23,Midnight,13.047826051712036
2014-11-23,Molinarinari,8.987969280653733
2014-11-23,Nattos,11.170833269755045
2014-11-23,Ranch House,9.610666750907898
2014-11-23,Sapphire,5.903753830014742
2014-11-23,Siam Cusine,8.544699978383383
2014-11-23,Starlight,14.653125017881393
2014-11-23,The Amber Cuisine,12.51500002826963
2014-11-23,The Amber Lion,6.65349999165535
2014-11-23,The Caramel Hog,5.362084214541786
2014-11-23,The Caviar Salmon,5.74679997138977
2014-11-23,The Cool Pizzeria,7.878345457146384
2014-11-23,The Court Bites,8.298300007629395
2014-11-23,The Crimson Horse,8.61928583894457
2014-11-23,The Crown,6.7192666960716245
2014-11-23,The Depot,7.81980910391374
2014-11-23,The Hot Oak,7.47952309159499
2014-11-23,The Indian Smith,10.115700009536743
2014-11-23,The Mad Oak,10.953076729407677
2014-11-23,The Magical Spices,9.3488444126553
2014-11-23,The Mockingbird,6.17901428162711
2014-11-23,The Noodle Fiddler,8.061818252910268
2014-11-23,The Olive Port,6.9299250011920925
2014-11-23,The River Blossom,11.351176468765034
2014-11-23,Tranquility,14.807999897003175
2014-11-23,Trilogy,9.415033284378051
2014-11-23,Vietnam Restaurant,9.192399976800038
2014-11-23,Wiener House,5.619066660308838
2014-11-23,Wolfs,8.11029999141693
2014-11-24,A Cut Above,10.14936664838791
2014-11-24,Aroma,6.484114364051819
2014-11-24,Bambino,6.067769223433274
2014-11-24,Big Daddy Barbeque,5.646166709740957
2014-11-24,Bistro Bob,5.813314312962124
2014-11-24,Burgers and Fries,5.788800030199687
2014-11-24,Chance,6.2494220749325216
2014-11-24,China Palace,8.765576507613238
2014-11-24,Chops and Ribs,6.115599970330132
2014-11-24,Estradanas,7.559624979734421
2014-11-24,Fargo,11.213623570924646
2014-11-24,Fluorescence,10.698571528707232
2014-11-24,Harvest,11.562500099341076
2014-11-24,Hofbrau Deluxe,11.74967492609024
2014-11-24,Interlude,13.672777930895487
2014-11-24,Irifune Place,11.177333230217297
2014-11-24,Jean's Place,9.439599952952067
2014-11-24,Mamoun's,7.641566628519694
2014-11-24,Mary's Diner,4.448617631351246
2014-11-24,Midnight,9.857333278656006
2014-11-24,Molinarinari,9.578999958918645
2014-11-24,Nattos,14.746249973773956
2014-11-24,Sapphire,6.0392706207724185
2014-11-24,Starlight,11.469999980926513
2014-11-24,The Amber Cuisine,7.336923122406006
2014-11-24,The Amber Lion,5.6406667246818545
2014-11-24,The Caramel Hog,5.046299985694885
2014-11-24,The Caviar Salmon,5.986415334730881
2014-11-24,The Cool Pizzeria,6.792457094492231
2014-11-24,The Court Bites,9.28697142175947
2014-11-24,The Crown,7.425084148788452
2014-11-24,The Depot,8.810755608537463
2014-11-24,The Hot Oak,6.950933330949147
2014-11-24,The Indian Smith,6.858199960809946
2014-11-24,The Mad Oak,14.888000090916952
2014-11-24,The Magical Spices,6.838299972581863
2014-11-24,The Mockingbird,5.36324448656506
2014-11-24,The Noodle Fiddler,10.260000014305115
2014-11-24,The Olive Port,7.101415402221679
2014-11-24,The River Blossom,14.593333297305637
2014-11-24,The Sugar Badger,7.03670002861023
2014-11-24,Tranquility,11.032142877578735
2014-11-24,Vietnam Restaurant,8.425644467756483
2014-11-24,Wiener House,4.991933342870076
2014-11-24,Wolfs,9.733784531021119
2014-11-25,A Cut Above,7.843399980365529
2014-11-25,Aroma,7.248618232102827
2014-11-25,Bambino,6.892000078201294
2014-11-25,Big Daddy Barbeque,5.052500025914051
2014-11-25,Bistro Bob,5.273433303531011
2014-11-25,Burgers and Fries,6.332899991416931
2014-11-25,Chance,5.910600021934509
2014-11-25,China Palace,9.999200028108296
2014-11-25,Chops and Ribs,5.255250042244792
2014-11-25,Estradanas,11.897111084090339
2014-11-25,Fangs,8.793315354537963
2014-11-25,Fargo,7.358299996026357
2014-11-25,Fluorescence,12.572857175554548
2014-11-25,Harvest,14.706666780842674
2014-11-25,Hofbrau Deluxe,7.582828522382464
2014-11-25,Interlude,11.377000093460083
2014-11-25,Irifune Place,8.24933335161209
2014-11-25,Jean's Place,10.493085666602
2014-11-25,Mamoun's,11.80806150618333
2014-11-25,Mary's Diner,6.602842089201275
2014-11-25,Midnight,12.900588288026697
2014-11-25,Molinarinari,9.810836352365667
2014-11-25,Nattos,12.93999993801117
2014-11-25,Ranch House,8.530200003814697
2014-11-25,Sapphire,5.44952496304512
2014-11-25,Siam Cusine,9.035599943733216
2014-11-25,Starlight,9.745714289801462
2014-11-25,The Amber Cuisine,10.404666678110758
2014-11-25,The Amber Lion,5.276333332538605
2014-11-25,The Caramel Hog,6.489944444179535
2014-11-25,The Caviar Salmon,7.329890959375555
2014-11-25,The Cool Pizzeria,6.403317603302002
2014-11-25,The Court Bites,6.319792254139827
2014-11-25,The Crimson Horse,8.238999962806702
2014-11-25,The Crown,7.108729427472284
2014-11-25,The Depot,8.002199979019165
2014-11-25,The Hot Oak,8.957507649759146
2014-11-25,The Indian Smith,6.186599971389771
2014-11-25,The Magical Spices,7.981333323266771
2014-11-25,The Mockingbird,3.9188666309038798
2014-11-25,The Noodle Fiddler,8.398888852861193
2014-11-25,The Olive Port,6.335100026490953
2014-11-25,The River Blossom,13.443636374040084
2014-11-25,The Sugar Badger,7.783922203148736
2014-11-25,Tranquility,9.233571325029645
2014-11-25,Trilogy,8.541399911785126
2014-11-25,Vietnam Restaurant,7.912028616387503
2014-11-25,Wiener House,5.74090766919943
2014-11-25,Wolfs,10.715542818995885
2014-11-26,A Cut Above,7.031700032537124
2014-11-26,Aroma,10.126166757265727
2014-11-26,Bambino,6.274809494745163
2014-11-26,Big Daddy Barbeque,5.676615279711211
2014-11-26,Bistro Bob,6.42385004529953
2014-11-26,Burgers and Fries,4.544266639645894
2014-11-26,Chance,6.986500013510387
2014-11-26,China Palace,8.978533391189575
2014-11-26,Chops and Ribs,6.026524986290932
2014-11-26,Estradanas,7.8339999475479125
2014-11-26,Fangs,11.894146183189978
2014-11-26,Fargo,9.208828516932895
2014-11-26,Fluorescence,9.038333296775818
2014-11-26,Harvest,13.048125088214874
2014-11-26,Hofbrau Deluxe,10.624466637659072
2014-11-26,Interlude,11.184000015258789
2014-11-26,Irifune Place,10.706444441795348
2014-11-26,Jean's Place,8.071033401679992
2014-11-26,Mamoun's,12.07273335770501
2014-11-26,Mary's Diner,5.972499998331069
2014-11-26,Molinarinari,9.772942849649702
2014-11-26,Nattos,14.854444397820366
2014-11-26,Ranch House,8.509755629200406
2014-11-26,Sapphire,5.165292344738887
2014-11-26,Siam Cusine,6.703733346048991
2014-11-26,Starlight,14.553333322207132
2014-11-26,The Amber Cuisine,13.555999994277954
2014-11-26,The Amber Lion,7.264857157843454
2014-11-26,The Caramel Hog,6.290622176922692
2014-11-26,The Caviar Salmon,6.135028461074829
2014-11-26,The Cool Pizzeria,7.918882370892693
2014-11-26,The Court Bites,8.758400116229058
2014-11-26,The Crimson Horse,8.03454535224221
2014-11-26,The Crown,7.711171457181658
2014-11-26,The Depot,8.834822249772813
2014-11-26,The Hot Oak,7.160247089397206
2014-11-26,The Indian Smith,9.751466723887127
2014-11-26,The Mad Oak,11.23142855507987
2014-11-26,The Magical Spices,9.552799893188476
2014-11-26,The Mockingbird,5.3190692359044
2014-11-26,The Noodle Fiddler,6.595454541119662
2014-11-26,The Olive Port,7.003766617075602
2014-11-26,The Sugar Badger,6.216700031789143
2014-11-26,Tranquility,7.735384592643151
2014-11-26,Trilogy,6.874554578399659
2014-11-26,Vietnam Restaurant,11.211125045150519
2014-11-26,Wiener House,5.387766715939839
2014-11-27,A Cut Above,7.927246136239859
2014-11-27,Aroma,7.696085738808768
2014-11-27,Bambino,6.231136480678212
2014-11-27,Big Daddy Barbeque,5.016166675806046
2014-11-27,Bistro Bob,4.6979272271026264
2014-11-27,Burgers and Fries,6.576533378156026
2014-11-27,Chance,6.349633369572957
2014-11-27,China Palace,9.438400039100646
2014-11-27,Chops and Ribs,5.25158187973716
2014-11-27,Estradanas,7.455666641235352
2014-11-27,Fangs,9.200600000953674
2014-11-27,Fargo,10.166692293753991
2014-11-27,Fluorescence,8.739000001549721
2014-11-27,Harvest,11.274545431137085
2014-11-27,Hofbrau Deluxe,11.595171453094483
2014-11-27,Interlude,10.620625048875809
2014-11-27,Irifune Place,7.099625038444996
2014-11-27,Jean's Place,6.920799955654144
2014-11-27,Mamoun's,10.114700038146973
2014-11-27,Mary's Diner,5.441000012687275
2014-11-27,Midnight,14.550666695833206
2014-11-27,Molinarinari,7.919566688124339
2014-11-27,Nattos,10.656428609575544
2014-11-27,Ranch House,9.133499990940095
2014-11-27,Sapphire,4.878199982833862
2014-11-27,Siam Cusine,9.015700093460083
2014-11-27,Starlight,8.709999978542328
2014-11-27,The Amber Cuisine,16.085714408329554
2014-11-27,The Amber Lion,7.869833309809367
2014-11-27,The Caviar Salmon,6.440854556725242
2014-11-27,The Cool Pizzeria,7.54615294566435
2014-11-27,The Court Bites,7.996924988079071
2014-11-27,The Crimson Horse,8.537999979654948
2014-11-27,The Crown,6.240942818995884
2014-11-27,The Depot,7.3426000572204595
2014-11-27,The Hot Oak,6.981266615486145
2014-11-27,The Indian Smith,8.551400123341878
2014-11-27,The Mad Oak,12.415384641060463
2014-11-27,The Magical Spices,6.687200018278758
2014-11-27,The Mockingbird,6.553599961853028
2014-11-27,The Noodle Fiddler,9.443529395496144
2014-11-27,The Olive Port,7.575688885180156
2014-11-27,The River Blossom,8.675454475662924
2014-11-27,The Sugar Badger,7.459777065394475
2014-11-27,Tranquility,10.135882412686067
2014-11-27,Trilogy,6.482300022550424
2014-11-27,Vietnam Restaurant,9.282400056028365
2014-11-27,Wiener House,5.339600057458878
2014-11-27,Wolfs,9.484590476644607
2014-11-28,A Cut Above,5.897414293548039
2014-11-28,Aroma,11.962418123730746
2014-11-28,Bambino,6.706941191336688
2014-11-28,Big Daddy Barbeque,6.571999953409036
2014-11-28,Bistro Bob,5.786488896306356
2014-11-28,Burgers and Fries,6.949485736083984
2014-11-28,Chance,6.850042869404384
2014-11-28,China Palace,8.389400050067902
2014-11-28,Estradanas,9.381227208571001
2014-11-28,Fangs,8.31779082065929
2014-11-28,Fargo,7.632600056266784
2014-11-28,Fluorescence,11.93266674677531
2014-11-28,Harvest,11.570588252123663
2014-11-28,Hofbrau Deluxe,8.789799956130981
2014-11-28,Interlude,8.78199995358785
2014-11-28,Irifune Place,6.775055564032661
2014-11-28,Jean's Place,10.073764639125152
2014-11-28,Mamoun's,7.831800012397766
2014-11-28,Mary's Diner,5.8791579037716515
2014-11-28,Midnight,13.08294122359332
2014-11-28,Molinarinari,10.580244429609511
2014-11-28,Nattos,12.38699996471405
2014-11-28,Ranch House,9.349172680455988
2014-11-28,Sapphire,5.853000062942504
2014-11-28,Siam Cusine,9.465676494710586
2014-11-28,Starlight,11.653333298365276
2014-11-28,The Amber Cuisine,14.391874983906746
2014-11-28,The Amber Lion,7.41907893281234
2014-11-28,The Caramel Hog,5.33482857006618
2014-11-28,The Caviar Salmon,6.316114250292097
2014-11-28,The Cool Pizzeria,8.983733321889241
2014-11-28,The Court Bites,10.288224978542328
2014-11-28,The Crimson Horse,6.550000078337534
2014-11-28,The Crown,7.026866581630706
2014-11-28,The Depot,8.96010768277095
2014-11-28,The Hot Oak,7.771399935626984
2014-11-28,The Indian Smith,7.116600085830688
2014-11-28,The Mad Oak,9.554166694482166
2014-11-28,The Magical Spices,6.259133331743876
2014-11-28,The Mockingbird,5.780455530654059
2014-11-28,The Noodle Fiddler,10.086153837350698
2014-11-28,The Olive Port,8.580066829850939
2014-11-28,The River Blossom,12.770000024275346
2014-11-28,The Sugar Badger,6.913899976158142
2014-11-28,Tranquility,10.48923083452078
2014-11-28,Trilogy,6.58320008503596
2014-11-28,Vietnam Restaurant,9.219022405539619
2014-11-28,Wiener House,4.6396526466369625
2014-11-28,Wolfs,12.927276151875088
2014-11-29,A Cut Above,8.654266601498922
2014-11-29,Aroma,7.775133322207133
2014-11-29,Bambino,6.705615415426401
2014-11-29,Big Daddy Barbeque,4.873214278732028
2014-11-29,Bistro Bob,6.9234455204356795
2014-11-29,Burgers and Fries,7.238733323160807
2014-11-29,Chance,5.82505710130419
2014-11-29,China Palace,10.70899999642372
2014-11-29,Chops and Ribs,6.359325000596046
2014-11-29,Estradanas,9.8952727134011
2014-11-29,Fangs,6.953800044822692
2014-11-29,Fargo,6.300800005449568
2014-11-29,Fluorescence,11.590000046624077
2014-11-29,Interlude,6.852500021457672
2014-11-29,Irifune Place,9.627833445390065
2014-11-29,Jean's Place,9.409999998728434
2014-11-29,Mamoun's,7.493133326975505
2014-11-29,Mary's Diner,5.128714289120266
2014-11-29,Midnight,10.758420994407253
2014-11-29,Molinarinari,7.882569210228553
2014-11-29,Nattos,9.41214290687016
2014-11-29,Ranch House,9.387199989191691
2014-11-29,Sapphire,5.300133319981893
2014-11-29,Siam Cusine,6.978900032424926
2014-11-29,Starlight,14.358421162555093
2014-11-29,The Amber Cuisine,12.943157879929792
2014-11-29,The Caramel Hog,4.532318236871199
2014-11-29,The Cool Pizzeria,7.088366700045268
2014-11-29,The Court Bites,8.88461769698648
2014-11-29,The Crimson Horse,6.605555597941081
2014-11-29,The Crown,7.785428661346436
2014-11-29,The Depot,6.201754538518732
2014-11-29,The Hot Oak,7.83805448996804
2014-11-29,The Indian Smith,8.536836367104272
2014-11-29,The Mad Oak,15.28923067679772
2014-11-29,The Magical Spices,6.3351999923706055
2014-11-29,The Mockingbird,4.011833367029825
2014-11-29,The Noodle Fiddler,11.304090868343007
2014-11-29,The Olive Port,7.694299957680702
2014-11-29,The River Blossom,8.433333423402575
2014-11-29,The Sugar Badger,8.820044457160101
2014-11-29,Tranquility,9.881764692418717
2014-11-29,Trilogy,7.216050040531158
2014-11-29,Vietnam Restaurant,10.236566696866353
2014-11-29,Wiener House,4.888133336512248
2014-11-29,Wolfs,8.096342883028303
2014-11-30,A Cut Above,6.708400021457672
2014-11-30,Aroma,7.130218212162364
2014-11-30,Bambino,6.810500019073486
2014-11-30,Big Daddy Barbeque,6.160875021457672
2014-11-30,Bistro Bob,5.357233274523417
2014-11-30,Burgers and Fries,6.301350005960464
2014-11-30,Chance,5.963999993679424
2014-11-30,China Palace,9.277157890470404
2014-11-30,Chops and Ribs,6.448342856575193
2014-11-30,Estradanas,10.887714428084237
2014-11-30,Fangs,8.221824962449073
2014-11-30,Fargo,5.995799986588955
2014-11-30,Fluorescence,11.276666720708212
2014-11-30,Harvest,9.527777777777779
2014-11-30,Hofbrau Deluxe,6.433800017484029
2014-11-30,Interlude,11.359090913425792
2014-11-30,Irifune Place,5.98378574698312
2014-11-30,Jean's Place,9.451781821649725
2014-11-30,Mamoun's,9.697477808507283
2014-11-30,Mary's Diner,5.479785757882254
2014-11-30,Midnight,6.350000098347664
2014-11-30,Molinarinari,7.621835338996439
2014-11-30,Nattos,12.212307719083933
2014-11-30,Ranch House,7.1958713495527
2014-11-30,Sapphire,5.474635227079952
2014-11-30,Siam Cusine,10.01760012779236
2014-11-30,Starlight,6.246666689713796
2014-11-30,The Amber Cuisine,13.985714316368103
2014-11-30,The Amber Lion,6.641000022541393
2014-11-30,The Caramel Hog,6.219323540631463
2014-11-30,The Caviar Salmon,6.392900048875809
2014-11-30,The Cool Pizzeria,8.263733340962728
2014-11-30,The Court Bites,8.775188881471422
2014-11-30,The Crimson Horse,8.070624899864196
2014-11-30,The Crown,8.848633338896434
2014-11-30,The Depot,8.47043158948798
2014-11-30,The Hot Oak,6.729474965429306
2014-11-30,The Indian Smith,9.323000005722045
2014-11-30,The Mad Oak,14.612352935706868
2014-11-30,The Magical Spices,6.229433322207133
2014-11-30,The Mockingbird,4.574300051498413
2014-11-30,The Noodle Fiddler,9.609000039100646
2014-11-30,The Olive Port,7.974200012079875
2014-11-30,The River Blossom,13.125925969194483
2014-11-30,The Sugar Badger,6.967800035546043
2014-11-30,Tranquility,9.552500009536743
2014-11-30,Trilogy,6.662644460339016
2014-11-30,Vietnam Restaurant,7.983115786462081
2014-11-30,Wiener House,5.818599965320933
2014-11-30,Wolfs,6.909200069538753
